som_size,learning_rate,sigma,workload_pattern,avg_response_time,avg_utilization,load_variance,rejection_rate,load_balance_score,performance_score,execution_time,load_distribution
"(6, 6)",0.1,1.0,mixed,0.2388698880819489,0.47665812944619523,0.06590398861205404,0.79,0.030993339889121316,0.3887858081667811,0.027950286865234375,"[8, 23, 29, 36, 69, 58, 114, 63]"
"(6, 6)",0.1,1.0,bursty,0.2320062571661112,0.49034557227328,0.06268810782437677,0.8375,0.025153660726283947,0.3816204694478329,0.024767637252807617,"[7, 10, 71, 54, 31, 58, 136, 33]"
"(6, 6)",0.1,1.0,periodic,0.28058686761794205,0.5578866073950197,0.027486895954826535,0.8075,0.018774493378704647,0.38997726006851985,0.023701190948486328,"[5, 4, 9, 13, 130, 132, 26, 81]"
"(6, 6)",0.1,1.5,mixed,0.25708475005834,0.593780852550462,0.06224446827693685,0.835,0.021358256458201018,0.39681104173507176,0.02506422996520996,"[19, 12, 13, 14, 35, 142, 61, 104]"
"(6, 6)",0.1,1.5,bursty,0.20767350743737445,0.4439230917537022,0.058649448116310135,0.7975,0.02188232011880522,0.3842608247428405,0.02119135856628418,"[18, 22, 26, 57, 16, 79, 155, 27]"
"(6, 6)",0.1,1.5,periodic,0.2719452252889226,0.5504987482897561,0.0392543133419542,0.7625,0.024373530129118418,0.40077102184154123,0.02619624137878418,"[18, 17, 42, 44, 48, 26, 150, 55]"
"(6, 6)",0.1,2.0,mixed,0.24278161049066715,0.451460886544214,0.0722875470052496,0.865,0.029667399188633994,0.3675863776873026,0.020830869674682617,"[33, 15, 25, 19, 81, 66, 115, 46]"
"(6, 6)",0.1,2.0,bursty,0.2542211262237417,0.4715647007703706,0.06550454394878372,0.835,0.032869187579773335,0.3763659678125999,0.029539823532104492,"[11, 31, 43, 44, 23, 100, 91, 57]"
"(6, 6)",0.1,2.0,periodic,0.2605389973453483,0.4999175500505903,0.060092765568959206,0.7525,0.05153267896167568,0.4029367439945416,0.019989013671875,"[15, 49, 31, 52, 75, 67, 64, 47]"
"(6, 6)",0.1,2.5,mixed,0.2572985879152813,0.46522363423302915,0.07676685426565222,0.81,0.025693090084702212,0.3773594596725607,0.021993160247802734,"[20, 15, 37, 32, 43, 68, 142, 43]"
"(6, 6)",0.1,2.5,bursty,0.23296465060561664,0.44971640661696866,0.060902471447278866,0.8375,0.024089220422441274,0.3729860256110927,0.02044963836669922,"[10, 10, 37, 26, 22, 116, 68, 111]"
"(6, 6)",0.1,2.5,periodic,0.2626875166895236,0.5214247662949868,0.04069512056663491,0.8475,0.028171889504895443,0.3808249939290169,0.020830392837524414,"[15, 8, 28, 24, 50, 83, 91, 101]"
"(6, 6)",0.3,1.0,mixed,0.2404625032741684,0.46373116326208497,0.08500795142200925,0.7775,0.025535711256611835,0.38675222487350736,0.03237628936767578,"[5, 8, 74, 40, 60, 66, 127, 20]"
"(6, 6)",0.3,1.0,bursty,0.26160540397500837,0.5446585970567062,0.05084664862583155,0.79,0.02694623190371111,0.39680784879267234,0.032712459564208984,"[15, 21, 48, 31, 26, 90, 43, 126]"
"(6, 6)",0.3,1.0,periodic,0.2632897722854494,0.5719923569803359,0.030615041956952402,0.7975,0.0312618200309537,0.40175222426724566,0.022007465362548828,"[20, 28, 35, 26, 36, 57, 84, 114]"
"(6, 6)",0.3,1.5,mixed,0.23971832517404235,0.42646113142057807,0.09337767341318803,0.87,0.028310963979151258,0.36177596920280974,0.01915121078491211,"[15, 20, 16, 28, 50, 77, 113, 81]"
"(6, 6)",0.3,1.5,bursty,0.25565507571861495,0.49728078158196404,0.07097806764662215,0.81,0.024012600160995247,0.38357905181389956,0.019093751907348633,"[21, 13, 38, 20, 10, 105, 74, 119]"
"(6, 6)",0.3,1.5,periodic,0.2291965802579437,0.5361377002230765,0.03741752669898551,0.78,0.027268673191878836,0.40346999900559316,0.02017974853515625,"[34, 19, 27, 14, 102, 33, 57, 114]"
"(6, 6)",0.3,2.0,mixed,0.27122168970754734,0.5104279710401941,0.05541781782794208,0.8475,0.03690584809029379,0.3796508047167463,0.020001649856567383,"[28, 18, 23, 39, 55, 89, 88, 60]"
"(6, 6)",0.3,2.0,bursty,0.2525569778971806,0.5121335317050074,0.05939779029794427,0.815,0.02468364441612607,0.386341862117167,0.02068638801574707,"[14, 15, 49, 24, 45, 99, 129, 25]"
"(6, 6)",0.3,2.0,periodic,0.2606827729129349,0.509241868883938,0.03321850585119387,0.8525,0.02576520393428469,0.3770442231033127,0.029272794723510742,"[24, 29, 23, 23, 23, 95, 55, 128]"
"(6, 6)",0.3,2.5,mixed,0.249416737732459,0.4774772686926595,0.04740393503792786,0.8575,0.020915781008831034,0.370382226674875,0.023834228515625,"[14, 12, 19, 10, 33, 78, 84, 150]"
"(6, 6)",0.3,2.5,bursty,0.2395495284637441,0.45012031209252923,0.09458947799841197,0.8425,0.02846400028501033,0.3720866694846157,0.021300554275512695,"[14, 16, 21, 25, 64, 97, 104, 59]"
"(6, 6)",0.3,2.5,periodic,0.2556874891414947,0.4866422124733261,0.03500461690588897,0.8675,0.02769001601636272,0.3710483954608303,0.02263045310974121,"[22, 10, 23, 30, 33, 101, 81, 100]"
"(6, 6)",0.5,1.0,mixed,0.23417133700625817,0.4881709117622151,0.05321269170327472,0.81,0.03672453289258807,0.38972962303816566,0.02089977264404297,"[9, 21, 59, 78, 58, 33, 92, 50]"
"(6, 6)",0.5,1.0,bursty,0.2510173654827187,0.48875966238573,0.053383840073415775,0.8125,0.021624527909801797,0.38154411552911227,0.022844314575195312,"[8, 23, 9, 36, 36, 151, 47, 90]"
"(6, 6)",0.5,1.0,periodic,0.2976414337922031,0.5784694231337792,0.031613162032353974,0.8125,0.028273092744900488,0.3928644845961866,0.03195381164550781,"[19, 14, 14, 25, 64, 96, 102, 66]"
"(6, 6)",0.5,1.5,mixed,0.2673673416719286,0.49949218297588155,0.06451193430294366,0.8375,0.031380770862202575,0.3785238329089787,0.01896834373474121,"[16, 22, 17, 36, 58, 61, 104, 86]"
"(6, 6)",0.5,1.5,bursty,0.24032984643991778,0.4471181977195425,0.05862473816909266,0.8225,0.023477888193274055,0.37383815089216416,0.01982259750366211,"[12, 11, 23, 16, 104, 33, 119, 82]"
"(6, 6)",0.5,1.5,periodic,0.26509235277732596,0.47961257784860106,0.039365922143455676,0.8275,0.03038587345413389,0.3766751153564959,0.02127218246459961,"[15, 16, 22, 27, 71, 61, 91, 97]"
"(6, 6)",0.5,2.0,mixed,0.25538452251230714,0.5117350064411441,0.03566039943982606,0.8475,0.02654573625794814,0.3797813280797538,0.02053666114807129,"[21, 11, 15, 49, 50, 66, 55, 133]"
"(6, 6)",0.5,2.0,bursty,0.2575738065942692,0.5335211241650837,0.0448828675519895,0.8275,0.021212917283946104,0.3861226869751702,0.015424489974975586,"[1, 14, 9, 42, 40, 111, 138, 45]"
"(6, 6)",0.5,2.0,periodic,0.2645591091610953,0.47123106248568236,0.041113065663918896,0.8225,0.026555349652979295,0.37494965181749546,0.028383255004882812,"[8, 4, 20, 61, 78, 36, 80, 113]"
"(6, 6)",0.5,2.5,mixed,0.2439102829738952,0.5294718983265319,0.03067828308111013,0.82,0.028235374548970044,0.39153994178824764,0.029916763305664062,"[16, 15, 31, 33, 46, 94, 48, 117]"
"(6, 6)",0.5,2.5,bursty,0.27044420042446615,0.5495828204077602,0.04090553560246436,0.8,0.03190417248317208,0.3956256957111671,0.024686574935913086,"[20, 19, 24, 34, 40, 91, 96, 76]"
"(6, 6)",0.5,2.5,periodic,0.2262411684215882,0.5210313921052875,0.02966628819226365,0.79,0.03140072975315556,0.4002765773848148,0.019860267639160156,"[44, 14, 24, 38, 27, 113, 79, 61]"
"(6, 6)",0.7,1.0,mixed,0.24124634132924977,0.4225421290431861,0.0756222874018926,0.845,0.029140362937705465,0.3659430899958765,0.021058082580566406,"[10, 17, 22, 22, 75, 71, 84, 99]"
"(6, 6)",0.7,1.0,bursty,0.22718936649430302,0.42882864779081464,0.07047818851877799,0.8075,0.02138818693951416,0.37514323475830147,0.021899700164794922,"[7, 13, 26, 50, 15, 124, 128, 37]"
"(6, 6)",0.7,1.0,periodic,0.28727833446880596,0.5632083006212528,0.02243786478189622,0.83,0.03199682692350198,0.3892905405235353,0.02099323272705078,"[15, 6, 24, 65, 56, 54, 92, 88]"
"(6, 6)",0.7,1.5,mixed,0.20958014431614308,0.392290295213993,0.094368819774499,0.8275,0.03219753654335543,0.3706372642895386,0.018083572387695312,"[15, 19, 20, 45, 42, 81, 84, 94]"
"(6, 6)",0.7,1.5,bursty,0.2401348307165882,0.429509190102808,0.08135819998105419,0.83,0.02748490169936712,0.3700564885399766,0.015118837356567383,"[21, 8, 8, 43, 50, 80, 113, 77]"
"(6, 6)",0.7,1.5,periodic,0.2725205337495732,0.5205178384159035,0.03349682985387421,0.86,0.02842255183749415,0.37638291407179153,0.019767284393310547,"[7, 9, 32, 68, 37, 51, 84, 112]"
"(6, 6)",0.7,2.0,mixed,0.2365236928899053,0.48455251840423164,0.05443767104013283,0.835,0.030139377302472854,0.3815679672833193,0.014662027359008789,"[6, 27, 19, 49, 33, 84, 96, 86]"
"(6, 6)",0.7,2.0,bursty,0.24016552472565142,0.4753369201176566,0.0478362352509179,0.8325,0.02069053446384078,0.376677737137185,0.016340017318725586,"[14, 24, 10, 16, 46, 53, 75, 162]"
"(6, 6)",0.7,2.0,periodic,0.2753931290011854,0.5574259747527466,0.02780305374640227,0.795,0.02994371712527432,0.39668990034002727,0.01991724967956543,"[16, 12, 19, 33, 72, 64, 79, 105]"
"(6, 6)",0.7,2.5,mixed,0.20719365488558594,0.38043192344155513,0.09866222004402611,0.875,0.027860824204468396,0.3579548844562662,0.02309250831604004,"[15, 10, 17, 32, 62, 112, 85, 67]"
"(6, 6)",0.7,2.5,bursty,0.24614304920934305,0.4967184481526338,0.042756208329790255,0.84,0.028000921856660765,0.3804867927758087,0.023551464080810547,"[7, 18, 24, 33, 61, 117, 84, 56]"
"(6, 6)",0.7,2.5,periodic,0.2500252679419339,0.5174526635698464,0.04171676761152868,0.7925,0.029905734284534784,0.3939574016525452,0.021570444107055664,"[41, 16, 42, 20, 22, 102, 102, 55]"
"(8, 8)",0.1,1.0,mixed,0.2506295451598137,0.5595151935284945,0.028176045548161176,0.8275,0.07462911140842712,0.40867096030274275,0.021828651428222656,"[58, 51, 67, 50, 63, 37, 27, 47]"
"(8, 8)",0.1,1.0,bursty,0.28718080195919404,0.571812535931755,0.023910793827117256,0.815,0.04318065266563334,0.39738419400468855,0.020550251007080078,"[75, 40, 71, 70, 69, 31, 16, 28]"
"(8, 8)",0.1,1.0,periodic,0.2937655866528057,0.5701458776599981,0.030731841319884084,0.7825,0.03595289046738697,0.40019630701790887,0.02435588836669922,"[41, 62, 44, 106, 71, 21, 33, 22]"
"(8, 8)",0.1,1.5,mixed,0.22464366047721773,0.4704302917380212,0.08324118498435445,0.8,0.03145280356856758,0.3884911175522857,0.025591373443603516,"[51, 105, 25, 15, 13, 46, 60, 85]"
"(8, 8)",0.1,1.5,bursty,0.2655595875660439,0.6330964133880357,0.024324864694541277,0.8125,0.05086092903245939,0.4164268500557414,0.02178335189819336,"[76, 62, 25, 33, 41, 43, 41, 79]"
"(8, 8)",0.1,1.5,periodic,0.2480754780519217,0.5275884412633255,0.04184108695370986,0.7975,0.04986894719131948,0.4013484504026673,0.021632671356201172,"[55, 12, 64, 42, 53, 35, 79, 60]"
"(8, 8)",0.1,2.0,mixed,0.26023812566003696,0.5759641353570962,0.01721977537628218,0.8125,0.044899329758987035,0.404212875306466,0.021827220916748047,"[52, 35, 40, 41, 40, 29, 100, 63]"
"(8, 8)",0.1,2.0,bursty,0.24430857721293567,0.4962179286211921,0.06483929377435446,0.845,0.031210697548402607,0.3807045463776912,0.036798715591430664,"[86, 21, 36, 28, 25, 65, 29, 110]"
"(8, 8)",0.1,2.0,periodic,0.27629864739488114,0.5716658853893961,0.027566616556913878,0.7625,0.029517189301432586,0.405743037257947,0.022353649139404297,"[29, 51, 52, 62, 10, 14, 121, 61]"
"(8, 8)",0.1,2.5,mixed,0.2421713587156303,0.47452683049547073,0.07020642767955249,0.8425,0.028589452983150427,0.3764947742289936,0.019731760025024414,"[84, 48, 16, 27, 29, 17, 119, 60]"
"(8, 8)",0.1,2.5,bursty,0.24240085519664922,0.4835846574650038,0.06115804831126745,0.8075,0.021615489998792176,0.3831695384873339,0.022650957107543945,"[134, 31, 39, 12, 8, 8, 112, 56]"
"(8, 8)",0.1,2.5,periodic,0.2818415764646095,0.5850668455012692,0.023057619014093887,0.7975,0.027044798943668815,0.3996650905087895,0.025669574737548828,"[43, 110, 15, 85, 9, 24, 27, 87]"
"(8, 8)",0.3,1.0,mixed,0.2616178413787063,0.5450104024273474,0.039546737356329534,0.825,0.045054140310600434,0.3953082381620862,0.021221160888671875,"[63, 58, 51, 65, 29, 7, 48, 79]"
"(8, 8)",0.3,1.0,bursty,0.2814012514013874,0.6077646134843816,0.014576936879032474,0.8025,0.04437570063178396,0.4084843366662845,0.02646327018737793,"[96, 52, 44, 64, 43, 38, 16, 47]"
"(8, 8)",0.3,1.0,periodic,0.2981901182102541,0.6410614701753635,0.006589769656412881,0.745,0.07423924863003188,0.432575028100491,0.01763439178466797,"[58, 68, 53, 27, 61, 43, 52, 38]"
"(8, 8)",0.3,1.5,mixed,0.2652211868666906,0.6139597444734162,0.02103322806560799,0.8,0.10510060395752727,0.43143482082256,0.03353452682495117,"[52, 43, 41, 58, 45, 52, 42, 67]"
"(8, 8)",0.3,1.5,bursty,0.263554951195053,0.5942162694412253,0.03973385562459113,0.8025,0.03450933120188751,0.40612142182202937,0.025078773498535156,"[66, 46, 72, 42, 39, 26, 6, 103]"
"(8, 8)",0.3,1.5,periodic,0.2592252909813794,0.5344421686539274,0.0438768691408406,0.8025,0.026776942189979166,0.3926632370303137,0.03142428398132324,"[43, 91, 31, 17, 17, 117, 13, 71]"
"(8, 8)",0.3,2.0,mixed,0.27009559988822285,0.5932043957821652,0.023604223120079766,0.8075,0.04306542068653267,0.40626319752698437,0.022005558013916016,"[70, 38, 50, 50, 21, 34, 40, 97]"
"(8, 8)",0.3,2.0,bursty,0.26153981647301455,0.5787841658883444,0.021128635652653868,0.8125,0.029610381375906686,0.39994457022909324,0.0308682918548584,"[129, 16, 35, 64, 27, 35, 46, 48]"
"(8, 8)",0.3,2.0,periodic,0.26594522511594554,0.5248723008909401,0.031645213754280144,0.8375,0.0576188639166834,0.3917371970719573,0.022229671478271484,"[67, 39, 35, 55, 26, 48, 50, 80]"
"(8, 8)",0.3,2.5,mixed,0.2411573001589792,0.5027242282078135,0.08665439351094156,0.8375,0.021828955159350353,0.3813034266254502,0.022520780563354492,"[152, 25, 26, 20, 4, 31, 61, 81]"
"(8, 8)",0.3,2.5,bursty,0.24468571793914717,0.5381772105402483,0.030711540097487534,0.8275,0.0281891607173696,0.3916168889087929,0.024862051010131836,"[66, 31, 32, 24, 62, 35, 19, 131]"
"(8, 8)",0.3,2.5,periodic,0.27085615354007764,0.5247856550717102,0.03491508677851273,0.8275,0.02742107852182689,0.38374478941537626,0.021666765213012695,"[9, 109, 24, 59, 30, 38, 26, 105]"
"(8, 8)",0.5,1.0,mixed,0.25224083506273265,0.5500762585653236,0.025919890685160915,0.82,0.03562604081623277,0.39627359352381564,0.02219700813293457,"[32, 104, 21, 24, 70, 46, 33, 70]"
"(8, 8)",0.5,1.0,bursty,0.2704363029036585,0.5989884560127661,0.015030107923385242,0.8025,0.08704668331836253,0.42155104400663135,0.019814491271972656,"[46, 53, 46, 37, 51, 37, 70, 60]"
"(8, 8)",0.5,1.0,periodic,0.276470479316143,0.5723919668327959,0.021295096915808397,0.78,0.023614925477820337,0.40058593253869373,0.027468442916870117,"[22, 16, 59, 13, 139, 29, 32, 90]"
"(8, 8)",0.5,1.5,mixed,0.24324774525149995,0.5568455531141139,0.03627691483457823,0.83,0.05117577306415509,0.40202531656470847,0.02465057373046875,"[47, 62, 38, 27, 36, 42, 58, 90]"
"(8, 8)",0.5,1.5,bursty,0.25188026553321724,0.5238567902546257,0.05718808964671943,0.82,0.03072424753200374,0.3896281635497379,0.0256044864654541,"[126, 34, 64, 21, 30, 28, 50, 47]"
"(8, 8)",0.5,1.5,periodic,0.2957756968819837,0.6064324967207994,0.014953754939086674,0.805,0.06797491551231064,0.41220052569996324,0.02124190330505371,"[71, 34, 39, 52, 53, 36, 44, 71]"
"(8, 8)",0.5,2.0,mixed,0.23938283479201988,0.5342036727401304,0.029820071611215988,0.85,0.031140329237030088,0.3882387917997468,0.024662017822265625,"[31, 68, 42, 41, 45, 32, 17, 124]"
"(8, 8)",0.5,2.0,bursty,0.22042377163079388,0.4319884252651982,0.08856261165217832,0.8275,0.036945056441376786,0.37779745612078824,0.01523733139038086,"[97, 61, 34, 20, 15, 56, 42, 75]"
"(8, 8)",0.5,2.0,periodic,0.27212701020620483,0.5765823597424197,0.023069636708967105,0.8125,0.03185397543306233,0.39819817381853084,0.0250091552734375,"[71, 43, 42, 30, 57, 27, 13, 117]"
"(8, 8)",0.5,2.5,mixed,0.2401423215824381,0.5335008882100233,0.0225803552192516,0.8475,0.041971970040435874,0.39169948745305194,0.02856588363647461,"[40, 45, 49, 33, 52, 46, 28, 107]"
"(8, 8)",0.5,2.5,bursty,0.26117984201448285,0.5893984282313951,0.03661711290335327,0.8025,0.040159292951221816,0.40729997196994117,0.03250622749328613,"[107, 31, 35, 26, 57, 40, 51, 53]"
"(8, 8)",0.5,2.5,periodic,0.2780090922701687,0.5760974164846002,0.026989242645792652,0.82,0.02908318631813848,0.3946845531825527,0.023272037506103516,"[99, 35, 36, 25, 44, 46, 6, 109]"
"(8, 8)",0.7,1.0,mixed,0.2331933156682572,0.5077120200721362,0.07169427270012982,0.8225,0.02909903460679321,0.38904297565428225,0.028604745864868164,"[56, 44, 19, 17, 122, 50, 18, 74]"
"(8, 8)",0.7,1.0,bursty,0.2681948995231212,0.5920415057679862,0.04076938855279748,0.8225,0.03478397119768949,0.4009001922069408,0.02189040184020996,"[118, 33, 36, 39, 30, 33, 46, 65]"
"(8, 8)",0.7,1.0,periodic,0.28534526331911936,0.5863403170709175,0.025600942045446964,0.7775,0.039485251138959426,0.4070139620474642,0.028379201889038086,"[44, 99, 20, 57, 73, 37, 25, 45]"
"(8, 8)",0.7,1.5,mixed,0.23633876777253054,0.4775515422409474,0.04484729240238352,0.84,0.046056811161700885,0.38397929139453324,0.021227598190307617,"[84, 60, 20, 66, 21, 53, 57, 39]"
"(8, 8)",0.7,1.5,bursty,0.2513678874300401,0.5615149400013797,0.035626183387936605,0.795,0.025281154693580613,0.40062498711103867,0.022044897079467773,"[69, 15, 44, 32, 42, 43, 13, 142]"
"(8, 8)",0.7,1.5,periodic,0.27408391916021696,0.5231974966398287,0.05186522365809052,0.785,0.025947082328700105,0.3908869208223928,0.03728294372558594,"[39, 29, 51, 28, 37, 49, 146, 21]"
"(8, 8)",0.7,2.0,mixed,0.22684881992470982,0.46018068840991777,0.07233310999552041,0.8425,0.032077506915040375,0.37768829594920045,0.020200014114379883,"[115, 37, 42, 11, 73, 24, 42, 56]"
"(8, 8)",0.7,2.0,bursty,0.24259941256066478,0.5260030220310278,0.041152285513400416,0.82,0.028407793068941502,0.3911523176891219,0.01872992515563965,"[139, 33, 37, 35, 36, 35, 53, 32]"
"(8, 8)",0.7,2.0,periodic,0.2685341795550499,0.5649052449026418,0.021909617483595652,0.8,0.031222472542968973,0.3988412213778445,0.02397465705871582,"[27, 98, 43, 20, 52, 24, 32, 104]"
"(8, 8)",0.7,2.5,mixed,0.24933583687693098,0.5240413465408431,0.043577849212118276,0.825,0.03976053130350647,0.39186401580977287,0.019455432891845703,"[81, 77, 17, 35, 36, 31, 41, 82]"
"(8, 8)",0.7,2.5,bursty,0.2588312691487275,0.5225129044380357,0.07772010833374238,0.835,0.04437570063178396,0.38913158282517946,0.020463228225708008,"[55, 58, 90, 27, 39, 15, 61, 55]"
"(8, 8)",0.7,2.5,periodic,0.2912000123862117,0.561274777531912,0.02802707516596913,0.84,0.04212719767791501,0.3892351200158929,0.02014636993408203,"[38, 36, 50, 21, 86, 49, 33, 87]"
"(10, 10)",0.1,1.0,mixed,0.27406229139402244,0.47275386912484485,0.05028024496240896,0.8925,0.01617991646680787,0.3563720426535647,0.016350984573364258,"[8, 8, 24, 4, 35, 18, 125, 178]"
"(10, 10)",0.1,1.0,bursty,0.2754521490850663,0.605320981094901,0.017444048621408092,0.785,0.08056257029410699,0.4234436729500717,0.019971370697021484,"[35, 36, 59, 43, 50, 49, 57, 71]"
"(10, 10)",0.1,1.0,periodic,0.28370587705292644,0.5956195752716412,0.019299607369726548,0.765,0.027706407387836793,0.40813422984073305,0.02483654022216797,"[17, 16, 34, 44, 49, 82, 31, 127]"
"(10, 10)",0.1,1.5,mixed,0.2728829846949286,0.5975987823698137,0.0162828803087057,0.825,0.0391218732779249,0.4019417692074741,0.025048017501831055,"[29, 53, 29, 59, 46, 21, 59, 104]"
"(10, 10)",0.1,1.5,bursty,0.27122336619288595,0.553870541829076,0.026473661701335274,0.8,0.029500641201564825,0.3956174455804835,0.028197288513183594,"[27, 57, 60, 36, 86, 12, 12, 110]"
"(10, 10)",0.1,1.5,periodic,0.2867912513485095,0.5765518373399525,0.0259019503922462,0.8475,0.015907160243555398,0.38372056313472164,0.01981663703918457,"[32, 14, 23, 26, 32, 44, 17, 212]"
"(10, 10)",0.1,2.0,mixed,0.2648913429544432,0.5920191070057229,0.013272839145376823,0.835,0.03259725206422665,0.3983575192993629,0.03151369094848633,"[65, 56, 31, 79, 29, 19, 16, 105]"
"(10, 10)",0.1,2.0,bursty,0.2454640008312144,0.4973241566856467,0.06443973686951437,0.7975,0.022077750729576847,0.38746224027081233,0.022840261459350586,"[55, 61, 31, 68, 22, 8, 4, 151]"
"(10, 10)",0.1,2.0,periodic,0.27269887881665983,0.5535144971347712,0.027801218650028384,0.7925,0.02671305948320645,0.3959363617716618,0.022229671478271484,"[67, 33, 22, 44, 24, 19, 54, 137]"
"(10, 10)",0.1,2.5,mixed,0.2686771493479689,0.5813306256910724,0.015320292156680935,0.855,0.03552682597961475,0.39239095264369356,0.01968097686767578,"[60, 15, 27, 34, 46, 50, 57, 111]"
"(10, 10)",0.1,2.5,bursty,0.258553047039843,0.5250429254064652,0.03125019538178328,0.8125,0.01672345439362164,0.38589459655351355,0.026623964309692383,"[68, 26, 25, 25, 15, 16, 25, 200]"
"(10, 10)",0.1,2.5,periodic,0.2566485240189757,0.5020035951720745,0.029328162414081156,0.8425,0.018614707062219876,0.3762153681811314,0.02392745018005371,"[37, 5, 13, 38, 10, 46, 73, 178]"
"(10, 10)",0.3,1.0,mixed,0.27631989910184024,0.5842642274403222,0.019363629957871057,0.7925,0.050215221638059526,0.4084682015277086,0.022591590881347656,"[50, 40, 32, 40, 55, 36, 51, 96]"
"(10, 10)",0.3,1.0,bursty,0.28157367393257327,0.5437868883739757,0.032135593749585134,0.8425,0.02227290142019519,0.38102645362173093,0.03604555130004883,"[31, 43, 22, 17, 23, 72, 34, 158]"
"(10, 10)",0.3,1.0,periodic,0.298881918895829,0.6239371400485245,0.010550557884885578,0.8025,0.02813457823345083,0.4036956790332502,0.02362847328186035,"[33, 13, 43, 26, 19, 57, 92, 117]"
"(10, 10)",0.3,1.5,mixed,0.2646642902737177,0.5809949572264566,0.018805775189807448,0.845,0.04619828999897138,0.39827558207259406,0.0262453556060791,"[62, 40, 43, 42, 28, 34, 53, 98]"
"(10, 10)",0.3,1.5,bursty,0.2754282684252191,0.6054610800287958,0.010278014725427477,0.82,0.03336210660572551,0.4023159576309319,0.02671957015991211,"[39, 102, 42, 31, 28, 33, 28, 97]"
"(10, 10)",0.3,1.5,periodic,0.2885565843370317,0.578626003498333,0.013091633717684127,0.8375,0.025895675917686038,0.38881255004946597,0.033278465270996094,"[35, 37, 46, 50, 23, 26, 36, 147]"
"(10, 10)",0.3,2.0,mixed,0.2697619534186916,0.6243269340155493,0.010672696964826324,0.815,0.0283901131529974,0.4066471782433439,0.019430875778198242,"[55, 25, 47, 15, 28, 94, 21, 115]"
"(10, 10)",0.3,2.0,bursty,0.30880852082819993,0.5980623068865794,0.04190290183519023,0.8575,0.027897045265239524,0.38569768657737385,0.030049800872802734,"[45, 55, 20, 13, 43, 21, 77, 126]"
"(10, 10)",0.3,2.0,periodic,0.2622777373688353,0.581812701472061,0.032520987378491226,0.7825,0.020045050751913464,0.4035416588327225,0.025886058807373047,"[78, 42, 21, 26, 19, 12, 169, 33]"
"(10, 10)",0.3,2.5,mixed,0.25613732102978826,0.4571903015321108,0.06798199846878566,0.865,0.021360745832135954,0.36367367575720144,0.02333974838256836,"[22, 26, 45, 20, 94, 11, 29, 153]"
"(10, 10)",0.3,2.5,bursty,0.29498292301397805,0.5932660403468895,0.0260609661119652,0.8675,0.023863285166358612,0.3839754801912596,0.024003267288208008,"[13, 35, 21, 20, 55, 55, 51, 150]"
"(10, 10)",0.3,2.5,periodic,0.3023301058418233,0.6142989751396232,0.013826982890497663,0.83,0.023713328040423736,0.3943301360096499,0.020114660263061523,"[25, 17, 45, 29, 25, 45, 61, 153]"
"(10, 10)",0.5,1.0,mixed,0.2540530811798089,0.5109787546390747,0.05466483143387813,0.82,0.03477852216152855,0.3878536310935532,0.019750356674194336,"[53, 18, 48, 23, 65, 39, 113, 41]"
"(10, 10)",0.5,1.0,bursty,0.24987681136666196,0.5173511834611842,0.04641106179327541,0.825,0.027635589467678544,0.38678456808131856,0.02451467514038086,"[13, 60, 22, 88, 15, 101, 16, 85]"
"(10, 10)",0.5,1.0,periodic,0.28883927726173114,0.6090528306527865,0.01602826877503725,0.8175,0.0294808205428428,0.39992239262148654,0.023543596267700195,"[32, 78, 26, 52, 18, 31, 39, 124]"
"(10, 10)",0.5,1.5,mixed,0.263038612245073,0.5852695874947504,0.016909889583144485,0.7925,0.04941838499097926,0.41090186270783025,0.015152215957641602,"[47, 62, 45, 27, 31, 78, 32, 78]"
"(10, 10)",0.5,1.5,bursty,0.2679522623072134,0.5790001101569185,0.034588297801395246,0.805,0.030634875945607074,0.40059245234821944,0.02379584312438965,"[51, 22, 30, 32, 25, 58, 56, 126]"
"(10, 10)",0.5,1.5,periodic,0.276325166165593,0.5955299349580636,0.014746149048161,0.8075,0.0497389372927,0.4075774877338524,0.015189647674560547,"[56, 29, 36, 89, 40, 31, 53, 66]"
"(10, 10)",0.5,2.0,mixed,0.23523108235573717,0.44920306391064063,0.11100707224772989,0.8475,0.034019921426887756,0.37341612535226043,0.015122652053833008,"[34, 28, 62, 21, 27, 38, 96, 94]"
"(10, 10)",0.5,2.0,bursty,0.2730737891191963,0.5759513323878329,0.014575724842957263,0.84,0.03380295570577562,0.39298128012150285,0.023021221160888672,"[53, 29, 46, 36, 30, 42, 41, 123]"
"(10, 10)",0.5,2.0,periodic,0.2947198623302262,0.6206038037483468,0.009948452981123212,0.7925,0.03365897897347244,0.4074288102711664,0.021984338760375977,"[54, 76, 24, 35, 28, 28, 42, 113]"
"(10, 10)",0.5,2.5,mixed,0.26411622778691524,0.5846849228600919,0.01876728813068807,0.84,0.06430193219860142,0.4055475142532904,0.01792001724243164,"[37, 54, 46, 40, 41, 38, 62, 82]"
"(10, 10)",0.5,2.5,bursty,0.2918342355271419,0.5781790546873112,0.026033011424167855,0.855,0.03261516916065751,0.3866482991017808,0.018062591552734375,"[33, 51, 31, 23, 24, 55, 64, 119]"
"(10, 10)",0.5,2.5,periodic,0.287794836136215,0.556186277690412,0.025056494360621455,0.8425,0.026023643380888504,0.3835007105300792,0.015191793441772461,"[28, 12, 115, 23, 41, 29, 41, 111]"
"(10, 10)",0.7,1.0,mixed,0.26915590337104406,0.5984219339858017,0.00795917120919774,0.835,0.03527956856745984,0.39964583651520896,0.02338099479675293,"[36, 20, 22, 49, 45, 44, 76, 108]"
"(10, 10)",0.7,1.0,bursty,0.2688960261909876,0.588648651398921,0.026334713614143274,0.7925,0.03166374885388928,0.40515484556699544,0.021036863327026367,"[49, 39, 25, 69, 44, 25, 27, 122]"
"(10, 10)",0.7,1.0,periodic,0.2893449383149934,0.6241334741645995,0.01898366084335574,0.8225,0.018722443818468548,0.3986197204778602,0.021872758865356445,"[13, 26, 16, 32, 29, 11, 165, 108]"
"(10, 10)",0.7,1.5,mixed,0.2607121105047453,0.5471069174729986,0.02272394723467809,0.86,0.030806869717804046,0.3846241949256875,0.030086755752563477,"[41, 51, 16, 35, 44, 63, 25, 125]"
"(10, 10)",0.7,1.5,bursty,0.2678626780381094,0.558888555314661,0.02247107511758171,0.8175,0.03478397119768949,0.39533158770779375,0.030558109283447266,"[27, 37, 22, 80, 81, 25, 34, 94]"
"(10, 10)",0.7,1.5,periodic,0.2654413549945399,0.5764567738353554,0.024192399628242826,0.795,0.028589452983150427,0.40193962729235644,0.02015089988708496,"[27, 53, 29, 22, 58, 68, 16, 127]"
"(10, 10)",0.7,2.0,mixed,0.2746772897065894,0.5796780525855667,0.020676139073925015,0.8575,0.03320951359246223,0.38975215169871125,0.018727779388427734,"[74, 17, 27, 80, 17, 36, 50, 99]"
"(10, 10)",0.7,2.0,bursty,0.2932290541158748,0.5666771799071095,0.017161687907416016,0.8625,0.02803486398561152,0.38122336200342644,0.023770809173583984,"[42, 21, 48, 39, 22, 47, 43, 138]"
"(10, 10)",0.7,2.0,periodic,0.2578579651568947,0.5200260112884747,0.04654925444668302,0.795,0.02086225209105759,0.38976457375855666,0.01912832260131836,"[18, 75, 36, 18, 23, 48, 18, 164]"
"(10, 10)",0.7,2.5,mixed,0.26632281810194514,0.5678354317076822,0.01840090641629764,0.865,0.03773584905660377,0.3887942567935364,0.02758169174194336,"[42, 45, 31, 23, 47, 28, 93, 91]"
"(10, 10)",0.7,2.5,bursty,0.23894563528653115,0.5028550240145968,0.07769180219280497,0.8175,0.027415780159151904,0.38743711411013626,0.015308856964111328,"[108, 32, 44, 15, 24, 9, 99, 69]"
"(10, 10)",0.7,2.5,periodic,0.2951606915325594,0.5644107776856213,0.0220205657048096,0.8375,0.024765002889268497,0.38444314581006567,0.017608165740966797,"[28, 89, 4, 20, 26, 57, 44, 132]"
"(12, 12)",0.1,1.0,mixed,0.2484094957410003,0.5631863182342274,0.044481941028161255,0.7825,0.02789425396493881,0.4048113057115965,0.020056486129760742,"[21, 40, 34, 33, 36, 37, 61, 138]"
"(12, 12)",0.1,1.0,bursty,0.271955939758076,0.6021238513382494,0.01719877925761393,0.7575,0.052307626988520824,0.4204742847214804,0.015003681182861328,"[77, 38, 81, 37, 29, 39, 44, 55]"
"(12, 12)",0.1,1.0,periodic,0.2783022787803047,0.5966917573852821,0.02190669298337293,0.775,0.03735776388152375,0.41023195553906416,0.02039504051208496,"[85, 97, 22, 37, 54, 23, 44, 38]"
"(12, 12)",0.1,1.5,mixed,0.25528511097277945,0.5428655194781506,0.04419412203652867,0.805,0.020661202054837163,0.3927609955577541,0.02036738395690918,"[45, 30, 8, 33, 36, 30, 46, 172]"
"(12, 12)",0.1,1.5,bursty,0.2675412573878141,0.5986571793071666,0.023987651431584787,0.8125,0.03354610444122541,0.40397395378602174,0.029122591018676758,"[42, 42, 28, 91, 62, 13, 25, 97]"
"(12, 12)",0.1,1.5,periodic,0.3041512281164764,0.6263966036807073,0.010839182776663464,0.83,0.023816440180963905,0.3964589247918332,0.020313739776611328,"[19, 87, 32, 40, 11, 24, 45, 142]"
"(12, 12)",0.1,2.0,mixed,0.2405086436244234,0.5046399650925787,0.08873503219173089,0.825,0.019080286046974947,0.3834883623134576,0.02804708480834961,"[53, 31, 41, 40, 13, 20, 20, 182]"
"(12, 12)",0.1,2.0,bursty,0.2788481486473117,0.5882294545786568,0.04671000248998978,0.8025,0.022178859977542653,0.39838564915656605,0.03601694107055664,"[43, 65, 14, 27, 23, 9, 154, 65]"
"(12, 12)",0.1,2.0,periodic,0.2967720103677747,0.6029348773311698,0.016548499849875168,0.8375,0.025842361725310934,0.39218335704391866,0.022918224334716797,"[20, 33, 17, 14, 26, 85, 87, 118]"
"(12, 12)",0.1,2.5,mixed,0.26582307592532106,0.5619293264593674,0.029579935011171954,0.8325,0.027024491067198904,0.39099315810654783,0.03966116905212402,"[44, 26, 33, 31, 58, 34, 32, 142]"
"(12, 12)",0.1,2.5,bursty,0.26350733358471845,0.5638267577872798,0.022930172924016758,0.8025,0.022929669725320498,0.39657856886233,0.03023695945739746,"[88, 37, 33, 15, 23, 21, 35, 148]"
"(12, 12)",0.1,2.5,periodic,0.2539169451654544,0.5488631324260503,0.01871401758301864,0.7625,0.025638863212416235,0.4042145812174597,0.032915353775024414,"[13, 34, 45, 35, 17, 32, 95, 129]"
"(12, 12)",0.3,1.0,mixed,0.2675067897195133,0.5550109805697009,0.03293773145254801,0.8175,0.019777271881973143,0.3901205003407839,0.022001028060913086,"[40, 11, 35, 32, 39, 19, 46, 178]"
"(12, 12)",0.3,1.0,bursty,0.28292913336382824,0.594633241233554,0.010740096808472915,0.78,0.026843773930819284,0.40481966463951624,0.026660919189453125,"[37, 18, 26, 26, 44, 46, 64, 139]"
"(12, 12)",0.3,1.0,periodic,0.30045953882064497,0.6132686854329817,0.011384261493864147,0.835,0.025227451858393642,0.3939096573006188,0.026042938232421875,"[49, 84, 22, 25, 40, 15, 28, 137]"
"(12, 12)",0.3,1.5,mixed,0.26889345224408084,0.6017799812317084,0.01428158948069989,0.845,0.038768476637775766,0.39941300945819597,0.05096578598022461,"[43, 38, 32, 35, 28, 48, 68, 108]"
"(12, 12)",0.3,1.5,bursty,0.285370311235109,0.610192577428431,0.017065861451182274,0.7625,0.026564973595044162,0.4109037826009909,0.021778583526611328,"[58, 29, 46, 29, 20, 46, 30, 142]"
"(12, 12)",0.3,1.5,periodic,0.2618230177489898,0.5370029517508081,0.03864100338046879,0.81,0.03418932720658854,0.39340863871137804,0.034837961196899414,"[41, 26, 93, 28, 45, 10, 70, 87]"
"(12, 12)",0.3,2.0,mixed,0.2476063331934583,0.5552853423828844,0.03234462806379868,0.8175,0.02103478296206946,0.39432796915339186,0.033892154693603516,"[19, 57, 54, 16, 27, 22, 38, 167]"
"(12, 12)",0.3,2.0,bursty,0.2855508492415009,0.5393368305587167,0.052813409129331516,0.84,0.03058679420376777,0.38240640217028143,0.04246973991394043,"[68, 13, 38, 22, 32, 57, 49, 121]"
"(12, 12)",0.3,2.0,periodic,0.292442344002485,0.5334696242719961,0.029778201633299868,0.865,0.02697644430287913,0.3739055297379535,0.02485513687133789,"[60, 21, 23, 12, 60, 34, 57, 133]"
"(12, 12)",0.3,2.5,mixed,0.25760171988207764,0.5263514226288303,0.06612147569238871,0.86,0.02623428720242232,0.3796898627693076,0.02129650115966797,"[85, 2, 42, 33, 26, 16, 78, 118]"
"(12, 12)",0.3,2.5,bursty,0.2891295901549669,0.5879961674407973,0.014741016276052787,0.8375,0.020024535176678623,0.3888217549459227,0.024993896484375,"[36, 30, 17, 15, 65, 8, 60, 169]"
"(12, 12)",0.3,2.5,periodic,0.2926403852748534,0.5461821314173341,0.031662915250537466,0.85,0.020961490755618883,0.37760798294836734,0.026572227478027344,"[58, 39, 13, 39, 26, 22, 34, 169]"
"(12, 12)",0.5,1.0,mixed,0.22358575017958832,0.509995135793377,0.0465883337998305,0.8125,0.04015086095664126,0.39672530357698255,0.02285623550415039,"[82, 51, 23, 9, 50, 69, 40, 76]"
"(12, 12)",0.5,1.0,bursty,0.2946663461689062,0.6605063065473159,0.019565790819676247,0.77,0.03044027293267486,0.4189532769681429,0.03520774841308594,"[40, 43, 21, 43, 41, 46, 34, 132]"
"(12, 12)",0.5,1.0,periodic,0.28091069924787937,0.5924392600445036,0.023845363565954764,0.8,0.037673184265371605,0.40399817183426306,0.023506879806518555,"[36, 63, 11, 62, 32, 29, 93, 74]"
"(12, 12)",0.5,1.5,mixed,0.25481188271968813,0.5206158705307938,0.04675937538553242,0.855,0.024924227057232497,0.37968010359039966,0.02402472496032715,"[35, 23, 14, 12, 92, 19, 90, 115]"
"(12, 12)",0.5,1.5,bursty,0.273672716085651,0.5673593397417132,0.06054015680542363,0.8025,0.020707514341893687,0.39472343797244325,0.042423248291015625,"[19, 58, 10, 62, 10, 23, 55, 163]"
"(12, 12)",0.5,1.5,periodic,0.29682307979506295,0.6161515861922835,0.016211214763874025,0.815,0.03324271232723496,0.40153769358753955,0.02617478370666504,"[32, 80, 37, 22, 32, 38, 45, 114]"
"(12, 12)",0.5,2.0,mixed,0.2711957824878649,0.5914870327592052,0.023178608463146625,0.8725,0.026705718054838082,0.3878073876428907,0.03719615936279297,"[70, 21, 20, 34, 35, 34, 48, 138]"
"(12, 12)",0.5,2.0,bursty,0.26273202458016015,0.4628651707473664,0.0603871671631343,0.8675,0.023625047826329026,0.3637406479644347,0.020261049270629883,"[78, 14, 18, 41, 7, 20, 99, 123]"
"(12, 12)",0.5,2.0,periodic,0.2985157763756385,0.532870308594527,0.02939992603572482,0.8475,0.02179315537010685,0.374645011900635,0.020664453506469727,"[34, 31, 26, 40, 35, 40, 26, 168]"
"(12, 12)",0.5,2.5,mixed,0.2691200149135198,0.4966676483715203,0.07236453763344924,0.8575,0.02392092038834515,0.3713940692762768,0.023329496383666992,"[63, 13, 47, 11, 49, 21, 49, 147]"
"(12, 12)",0.5,2.5,bursty,0.2901745620209501,0.5244645106526846,0.04727186378703196,0.87,0.02018416245386537,0.3694748250324584,0.02491021156311035,"[29, 35, 22, 26, 29, 28, 55, 176]"
"(12, 12)",0.5,2.5,periodic,0.291792978380435,0.5631558462340771,0.028799329391831684,0.8425,0.023598084004181414,0.3834459487353491,0.023256301879882812,"[36, 31, 10, 81, 27, 42, 26, 147]"
"(12, 12)",0.7,1.0,mixed,0.2704119460928408,0.5798445868189767,0.01627477459472955,0.815,0.02625749556600132,0.3969900411936584,0.02184891700744629,"[32, 18, 61, 35, 22, 32, 60, 140]"
"(12, 12)",0.7,1.0,bursty,0.28524046203121073,0.609397802758521,0.0294718176821451,0.795,0.024472457717877517,0.4036406531259861,0.021787166595458984,"[41, 31, 33, 19, 15, 129, 27, 105]"
"(12, 12)",0.7,1.0,periodic,0.29443125513468965,0.6351279217358571,0.010216681137407186,0.8075,0.03178741712547727,0.40682382759892766,0.0272979736328125,"[15, 100, 11, 53, 51, 51, 28, 91]"
"(12, 12)",0.7,1.5,mixed,0.2672195725111455,0.6179659389757037,0.014345568239002666,0.805,0.01860649693526155,0.4049139045744492,0.020911693572998047,"[50, 34, 26, 40, 25, 21, 17, 187]"
"(12, 12)",0.7,1.5,bursty,0.27345432286915616,0.5401898592562564,0.06666840597501525,0.835,0.023038407516041123,0.38352920404342916,0.023153066635131836,"[54, 43, 9, 16, 7, 109, 35, 127]"
"(12, 12)",0.7,1.5,periodic,0.2788613834751119,0.4915535066091639,0.03514232310493252,0.85,0.023618298136527386,0.3699798632987429,0.020172834396362305,"[48, 81, 10, 33, 6, 67, 18, 137]"
"(12, 12)",0.7,2.0,mixed,0.22752683589782355,0.43594188704536746,0.07596978375404921,0.845,0.01795948225425536,0.3679700644249169,0.023786067962646484,"[19, 30, 47, 27, 45, 24, 16, 192]"
"(12, 12)",0.7,2.0,bursty,0.28095924773087155,0.5183816963017925,0.04966026547193461,0.85,0.02037138661223377,0.3739872432694508,0.03426957130432129,"[77, 8, 47, 8, 31, 21, 44, 164]"
"(12, 12)",0.7,2.0,periodic,0.2942703485757576,0.5697821806319646,0.02299516687105621,0.8825,0.022331047115717335,0.3759465815430936,0.03658938407897949,"[13, 53, 35, 12, 9, 68, 59, 151]"
"(12, 12)",0.7,2.5,mixed,0.24150536310810297,0.5191020113995366,0.04426346056871348,0.835,0.025297748364419934,0.38605185650903684,0.03803253173828125,"[71, 29, 34, 18, 16, 64, 29, 139]"
"(12, 12)",0.7,2.5,bursty,0.23291597290676663,0.5093571091368618,0.036688381492544386,0.77,0.021277825997601467,0.3975803543319181,0.0252532958984375,"[60, 27, 28, 28, 40, 26, 23, 168]"
"(12, 12)",0.7,2.5,periodic,0.2800923323595721,0.4883660063659732,0.053557582632095826,0.8325,0.020828717561870814,0.37177991120123655,0.0311892032623291,"[10, 58, 8, 99, 27, 14, 35, 149]"
